id,neuroticism,extraversion,openness_to_experience,agreeableness,conscientiousness,success__classification__high_low,neuroticism_z,extraversion_z,openness_to_experience_z,agreeableness_z,conscientiousness_z,leadership_resilience_index
8120,33,34,39,45,51,1,-0.3171500917194699,-0.7968258844514982,-0.21016667842177925,0.03202316197240382,0.4464277181426565,0.5534111314403471
8951,50,36,31,59,39,0,1.1893128439480112,-0.6317031381166274,-0.9027484696436855,1.2710284106501384,-0.45333378229071936,-2.545395095882416
8796,41,26,30,40,19,0,0.3917736427122859,-1.4573168697909813,-0.9893211935464238,-0.4104787125553585,-1.9529362830130126,-3.3340311192717222
8470,20,17,21,31,26,0,-1.469151160171073,-2.2003692282978995,-1.7684757086710683,-1.2069820867053307,-1.4280754077602098,-1.7273999562602054
8063,50,33,21,47,27,0,1.1893128439480112,-0.8793872576189335,-1.7684757086710683,0.20902391178350876,-1.3530952827240952,-4.310883835343175
8778,26,54,49,48,60,1,-0.9374583593472562,0.8544015788972096,0.6555605606056035,0.2975242866890612,1.1212488434676884,2.714267763420548
8072,33,40,28,24,43,0,-0.3171500917194699,-0.30145764544688586,-1.1624666413519003,-1.826484711044198,-0.15341328214626074,-0.9987298317786912
8360,31,38,49,43,56,1,-0.49438102532740885,-0.4665803917817566,0.6555605606056035,-0.14497758783870113,0.8213283433232298,1.9712699292562421
8001,58,27,64,42,28,0,1.898236578379767,-1.3747554966235458,1.9541514191466778,-0.2334779627442536,-1.2781151576879806,-1.2222003169210698
8422,21,60,46,46,57,1,-1.3805356933671036,1.3497698179018218,0.3958423888973887,0.12052353687795629,0.8963084683593444,2.672686550623837
8596,33,50,40,43,55,1,-0.3171500917194699,0.524156086227468,-0.12359395451904097,-0.14497758783870113,0.7463482182871152,0.9399043554875441
8979,31,56,53,52,64,1,-0.49438102532740885,1.0195243252320803,1.0018514562165566,0.6515257863112711,1.421169343612147,2.9174018251561127
8233,40,48,46,50,49,1,0.3031581759083164,0.3590333398925972,0.3958423888973887,0.47452503650016614,0.2964674680704272,0.3891516810594995
8733,27,60,38,45,40,0,-0.8488428925432867,1.3497698179018218,-0.2967394023245175,0.03202316197240382,-0.37835365725460474,0.17374983296416446
8083,44,36,49,40,50,1,0.6576200431241943,-0.6317031381166274,0.6555605606056035,-0.4104787125553585,0.37144759310654185,0.36938811058795107
8168,27,48,50,50,55,1,-0.8488428925432867,0.3590333398925972,0.7421332845083418,0.47452503650016614,0.7463482182871152,2.3373243953387437
8159,23,46,51,54,52,1,-1.2033047597591646,0.19391059355772647,0.8287060084110801,0.828526536122376,0.5214078431787712,2.553418611349016
8776,25,58,34,45,18,0,-1.0260738261512257,1.184647071566951,-0.6430302979354706,0.03202316197240382,-2.027916408049127,-1.644872879833372
8128,35,54,28,42,23,0,-0.13991915811153094,0.8544015788972096,-1.1624666413519003,-0.2334779627442536,-1.6530157828685539,-2.6755632661089233
8028,24,22,26,57,34,0,-1.1146892929551953,-1.7875623624607229,-1.3356120891573768,1.0940276608390334,-0.8282344074712926,-1.049157203673474
8897,33,40,44,39,44,0,-0.3171500917194699,-0.30145764544688586,0.22269694109191215,-0.49897908746091096,-0.07843315711014609,0.46141387570123593
8196,39,53,58,49,58,1,0.21454270910434695,0.7718402057297742,1.434715075730248,0.3860246615946137,0.9712885933954591,2.19146096002136
8051,35,49,53,49,59,1,-0.13991915811153094,0.4415947130600326,1.0018514562165566,0.3860246615946137,1.0462687184315738,2.1880393327596614
8444,18,29,28,37,20,0,-1.646382093779012,-1.209632750288675,-1.1624666413519003,-0.6759798372720159,-1.8779561579768977,-1.3940407055497863
8610,40,34,38,46,26,0,0.3031581759083164,-0.7968258844514982,-0.2967394023245175,0.12052353687795629,-1.4280754077602098,-2.0279729859930438
8959,46,45,42,22,35,0,0.8348509767321333,0.11134922039029108,0.0495514932864356,-2.0034854608553028,-0.753254282435178,-1.5385537658808757
8225,44,43,49,46,52,1,0.6576200431241943,-0.05377352594457969,0.6555605606056035,0.12052353687795629,0.5214078431787712,0.5193483606601805
8484,46,30,25,37,51,0,0.8348509767321333,-1.1270713771212397,-1.4221848130601151,-0.6759798372720159,0.4464277181426565,-1.8106080716495918
8881,50,59,53,20,25,0,1.1893128439480112,1.2672084447343865,1.0018514562165566,-2.180486210666408,-1.5030555327963246,-1.6905169205277792
8104,61,17,41,59,25,0,2.1640829787916753,-2.2003692282978995,-0.037021230616302685,1.2710284106501384,-1.5030555327963246,-3.7041597422043027
8312,60,21,31,33,25,0,2.0754675119877057,-1.8701237356281581,-0.9027484696436855,-1.0299813368942259,-1.5030555327963246,-4.481271514427716
8799,56,53,25,43,44,0,1.721005644771828,0.7718402057297742,-1.4221848130601151,-0.14497758783870113,-0.07843315711014609,-3.2216236149420894
8667,38,34,24,20,29,0,0.12592724230037747,-0.7968258844514982,-1.5087575369628534,-2.180486210666408,-1.203135032651866,-2.837819811915097
8648,29,41,44,43,24,0,-0.6716119589353478,-0.21889627227945047,0.22269694109191215,-0.14497758783870113,-1.5780356578324393,-0.6837267578051793
8605,47,50,47,60,58,1,0.9234664435361027,0.524156086227468,0.482415112800127,1.3595287855556908,0.9712885933954591,0.5302372626594835
8611,39,49,47,48,52,1,0.21454270910434695,0.4415947130600326,0.482415112800127,0.2975242866890612,0.5214078431787712,0.7892802468745513
8898,31,31,24,23,44,0,-0.49438102532740885,-1.0445100039538042,-1.5087575369628534,-1.9149850859497504,-0.07843315711014609,-1.0928096687455908
8351,27,25,24,53,45,0,-0.8488428925432867,-1.5398782429584166,-1.5087575369628534,0.7400261612168235,-0.0034530320740314277,-0.6633676764935981
8623,33,31,30,46,63,0,-0.3171500917194699,-1.0445100039538042,-0.9893211935464238,0.12052353687795629,1.3461892185760325,0.6740181167490786
8745,34,54,53,54,40,1,-0.22853462491550042,0.8544015788972096,1.0018514562165566,0.828526536122376,-0.37835365725460474,0.8520324238774524
8009,35,46,46,47,56,1,-0.13991915811153094,0.19391059355772647,0.3958423888973887,0.20902391178350876,0.8213283433232298,1.3570898903321493
8863,23,62,55,49,64,1,-1.2033047597591646,1.5148925642366926,1.1749969040220332,0.3860246615946137,1.421169343612147,3.7994710073933446
8734,33,50,46,48,53,1,-0.3171500917194699,0.524156086227468,0.3958423888973887,0.2975242866890612,0.5963879682148858,1.3093804488317444
8880,46,53,58,38,56,1,0.8348509767321333,0.7718402057297742,1.434715075730248,-0.5874794623664634,0.8213283433232298,1.4211924423213445
8565,37,50,52,46,54,1,0.037311775496408,0.524156086227468,0.9152787323138184,0.12052353687795629,0.6713680932510004,1.5493350500684107
8069,52,41,43,46,49,1,1.3665437775559501,-0.21889627227945047,0.1361242171891739,0.12052353687795629,0.2964674680704272,-0.9339520922963491
8640,27,51,57,53,49,1,-0.8488428925432867,0.6067174593949034,1.3481423518275097,0.7400261612168235,0.2964674680704272,2.493452712441224
8819,39,60,50,47,63,1,0.21454270910434695,1.3497698179018218,0.7421332845083418,0.20902391178350876,1.3461892185760325,1.8737797939800274
8884,27,42,20,37,33,0,-0.8488428925432867,-0.13633489911201507,-1.8550484325738066,-0.6759798372720159,-0.9032145325074074,-1.9094200725379271
8212,35,54,44,50,57,1,-0.13991915811153094,0.8544015788972096,0.22269694109191215,0.47452503650016614,0.8963084683593444,1.2589245675627874
8905,34,28,24,22,42,0,-0.22853462491550042,-1.2921941234561105,-1.5087575369628534,-2.0034854608553028,-0.22839340718237539,-1.5086163192297284
8228,44,28,44,61,27,0,0.6576200431241943,-1.2921941234561105,0.22269694109191215,1.4480291604612432,-1.3530952827240952,-1.7880183847563773
8308,37,50,53,41,51,1,0.037311775496408,0.524156086227468,1.0018514562165566,-0.32197833764980605,0.4464277181426565,1.410967398862805
8278,25,57,45,42,50,1,-1.0260738261512257,1.1020856983995158,0.3092696649946504,-0.2334779627442536,0.37144759310654185,1.7067910842524179
8756,23,65,50,26,54,0,-1.2033047597591646,1.7625766837389987,0.7421332845083418,-1.6494839612330932,0.6713680932510004,2.6168061375185068
8189,21,44,38,32,46,0,-1.3805356933671036,0.028787847222855698,-0.2967394023245175,-1.1184817117997783,0.07152709296208323,1.1553233840046693
8546,30,21,40,62,24,0,-0.5829964921313783,-1.8701237356281581,-0.12359395451904097,1.5365295353667958,-1.5780356578324393,-1.1186331202201019
8412,44,61,39,26,29,0,0.6576200431241943,1.4323311910692573,-0.21016667842177925,-1.6494839612330932,-1.203135032651866,-2.0709217541978395
8086,27,37,55,55,45,0,-0.8488428925432867,-0.549141764949192,1.1749969040220332,0.9170269110279285,-0.0034530320740314277,2.0203867644912883
8736,27,55,45,45,58,1,-0.8488428925432867,0.936962952064645,0.3092696649946504,0.03202316197240382,0.9712885933954591,2.129401150933396
8612,38,44,47,41,51,1,0.12592724230037747,0.028787847222855698,0.482415112800127,-0.32197833764980605,0.4464277181426565,0.8029155886424061
8131,27,61,54,49,66,1,-0.8488428925432867,1.4323311910692573,1.0884241801192949,0.3860246615946137,1.5711295936843763,3.508396666346958
8317,44,47,46,46,40,1,0.6576200431241943,0.27647196672516183,0.3958423888973887,0.12052353687795629,-0.37835365725460474,-0.6401313114814103
8342,41,38,48,49,49,1,0.3917736427122859,-0.4665803917817566,0.5689878367028652,0.3860246615946137,0.2964674680704272,0.4736816620610066
8516,29,56,42,49,61,1,-0.6716119589353478,1.0195243252320803,0.0495514932864356,0.3860246615946137,1.196228968503803,1.9173924207255864
8868,60,37,40,42,56,1,2.0754675119877057,-0.549141764949192,-0.12359395451904097,-0.2334779627442536,0.8213283433232298,-1.3777331231835168
8341,35,51,52,45,54,1,-0.13991915811153094,0.6067174593949034,0.9152787323138184,0.03202316197240382,0.6713680932510004,1.7265659836763496
8676,41,36,53,43,50,1,0.3917736427122859,-0.6317031381166274,1.0018514562165566,-0.14497758783870113,0.37144759310654185,0.9815254066108124
8445,42,55,39,55,58,1,0.48038910951625535,0.936962952064645,-0.21016667842177925,0.9170269110279285,0.9712885933954591,0.2807328054574245
8657,29,62,48,49,55,1,-0.6716119589353478,1.5148925642366926,0.5689878367028652,0.3860246615946137,0.7463482182871152,1.9869480139253282
8572,28,32,24,51,51,0,-0.7602274257393172,-0.9619486307863689,-1.5087575369628534,0.5630254114057186,0.4464277181426565,-0.3021023930808796
8679,30,54,47,58,57,1,-0.5829964921313783,0.8544015788972096,0.482415112800127,1.182528035744586,0.8963084683593444,1.9617200732908495
8859,31,41,27,58,41,0,-0.49438102532740885,-0.21889627227945047,-1.2490393652546385,1.182528035744586,-0.30337353221849006,-1.0580318721457198
8628,36,22,19,62,62,0,-0.051303691307561475,-1.7875623624607229,-1.9416211564765449,1.5365295353667958,1.2712090935399176,-0.6191083716290657
8712,40,54,44,49,62,1,0.3031581759083164,0.8544015788972096,0.22269694109191215,0.3860246615946137,1.2712090935399176,1.1907478587235134
8972,47,48,65,44,46,1,0.9234664435361027,0.3590333398925972,2.040724143049416,-0.05647721293314865,0.07152709296208323,1.188784792475396
8092,65,31,27,29,29,0,2.5185448460075532,-1.0445100039538042,-1.2490393652546385,-1.3839828365164357,-1.203135032651866,-4.970719243914058
8209,25,17,43,31,24,0,-1.0260738261512257,-2.2003692282978995,0.1361242171891739,-1.2069820867053307,-1.5780356578324393,-0.4158376144920397
8198,41,39,48,46,59,1,0.3917736427122859,-0.38401901861432125,0.5689878367028652,0.12052353687795629,1.0462687184315738,1.2234829124221531
8789,27,36,35,46,43,0,-0.8488428925432867,-0.6317031381166274,-0.5564575740327323,0.12052353687795629,-0.15341328214626074,0.13897203636429367
8498,66,45,49,24,24,0,2.607160312811523,0.11134922039029108,0.6555605606056035,-1.826484711044198,-1.5780356578324393,-3.5296354100383587
8708,35,45,47,56,62,1,-0.13991915811153094,0.11134922039029108,0.482415112800127,1.005527285933481,1.2712090935399176,1.8935433644515756
8230,34,45,44,46,49,1,-0.22853462491550042,0.11134922039029108,0.22269694109191215,0.12052353687795629,0.2964674680704272,0.7476990340778398
8956,19,46,25,64,22,0,-1.5577666269750425,0.19391059355772647,-1.4221848130601151,1.7135302851779006,-1.7279959079046685,-1.592414093989741
8540,46,47,45,43,52,1,0.8348509767321333,0.27647196672516183,0.3092696649946504,-0.14497758783870113,0.5214078431787712,-0.0041734685587115905
8112,32,59,48,49,57,1,-0.4057655585234394,1.2672084447343865,0.5689878367028652,0.3860246615946137,0.8963084683593444,1.871061863585649
8694,45,51,39,56,53,1,0.7462355099281638,0.6067174593949034,-0.21016667842177925,1.005527285933481,0.5963879682148858,-0.36001422013505724
8064,20,39,19,25,24,0,-1.469151160171073,-0.38401901861432125,-1.9416211564765449,-1.7379843361386456,-1.5780356578324393,-2.050505654137911
8656,36,46,45,44,54,1,-0.051303691307561475,0.19391059355772647,0.3092696649946504,-0.05647721293314865,0.6713680932510004,1.0319414495532124
8800,32,50,49,45,53,1,-0.4057655585234394,0.524156086227468,0.6555605606056035,0.03202316197240382,0.5963879682148858,1.6577140873439287
8919,26,51,49,48,59,1,-0.9374583593472562,0.6067174593949034,0.6555605606056035,0.2975242866890612,1.0462687184315738,2.6392876383844337
8585,41,23,21,27,61,0,0.3917736427122859,-1.7050009892932874,-1.7684757086710683,-1.5609835863275405,1.196228968503803,-0.9640203828795512
8769,26,26,19,34,35,0,-0.9374583593472562,-1.4573168697909813,-1.9416211564765449,-0.9414809619886734,-0.753254282435178,-1.7574170795644664
8631,28,33,45,30,21,0,-0.7602274257393172,-0.8793872576189335,0.3092696649946504,-1.295482461610883,-1.8029760329407831,-0.7334789422068154
8161,47,43,47,51,43,1,0.9234664435361027,-0.05377352594457969,0.482415112800127,0.5630254114057186,-0.15341328214626074,-0.5944646128822365
8508,40,22,22,20,29,0,0.3031581759083164,-1.7875623624607229,-1.68190298476833,-2.180486210666408,-1.203135032651866,-3.188196193328512
8239,24,40,23,64,21,0,-1.1146892929551953,-0.30145764544688586,-1.5953302608655917,1.7135302851779006,-1.8029760329407831,-2.283617000851179
8288,54,25,48,34,21,0,1.543774711163889,-1.5398782429584166,0.5689878367028652,-0.9414809619886734,-1.8029760329407831,-2.777762907401807
8396,28,56,44,49,59,1,-0.7602274257393172,1.0195243252320803,0.22269694109191215,0.3860246615946137,1.0462687184315738,2.0291930852628033
8150,26,52,29,54,30,0,-0.9374583593472562,0.6892788325623388,-1.075893917449162,0.828526536122376,-1.1281549076157513,-1.2665904657176572
8309,56,42,43,50,38,1,1.721005644771828,-0.13633489911201507,0.1361242171891739,0.47452503650016614,-0.528313907326834,-2.1131953349094883
8190,34,50,56,39,49,1,-0.22853462491550042,0.524156086227468,1.2615696279247715,-0.49897908746091096,0.2964674680704272,1.786571720910699
8355,29,51,49,49,57,1,-0.6716119589353478,0.6067174593949034,0.6555605606056035,0.3860246615946137,0.8963084683593444,2.2234809879002957
8933,44,53,44,30,24,0,0.6576200431241943,0.7718402057297742,0.22269694109191215,-1.295482461610883,-1.5780356578324393,-2.0129587598647216
8598,36,36,55,47,46,1,-0.051303691307561475,-0.6317031381166274,1.1749969040220332,0.20902391178350876,0.07152709296208323,1.297827688291678
8511,52,40,27,63,45,0,1.3665437775559501,-0.30145764544688586,-1.2490393652546385,1.6250299102723482,-0.0034530320740314277,-2.61903617488462
8417,44,29,20,50,26,0,0.6576200431241943,-1.209632750288675,-1.8550484325738066,0.47452503650016614,-1.4280754077602098,-3.940743883458211
8301,30,56,41,48,52,1,-0.5829964921313783,1.0195243252320803,-0.037021230616302685,0.2975242866890612,0.5214078431787712,1.067383104693847
8725,34,35,50,45,59,1,-0.22853462491550042,-0.7142645112840628,0.7421332845083418,0.03202316197240382,1.0462687184315738,2.016936627855416
8357,40,21,61,32,54,0,0.3031581759083164,-1.8701237356281581,1.694433247438463,-1.1184817117997783,0.6713680932510004,2.0626431647811474
8567,21,44,28,27,23,0,-1.3805356933671036,0.028787847222855698,-1.1624666413519003,-1.5609835863275405,-1.6530157828685539,-1.4349467308533506
8333,54,39,43,38,50,1,1.543774711163889,-0.38401901861432125,0.1361242171891739,-0.5874794623664634,0.37144759310654185,-1.0362029008681732
8089,23,48,47,58,61,1,-1.2033047597591646,0.3590333398925972,0.482415112800127,1.182528035744586,1.196228968503803,2.8819488410630947
8173,31,50,43,44,55,1,-0.49438102532740885,0.524156086227468,0.1361242171891739,-0.05647721293314865,0.7463482182871152,1.376853460803698
8520,50,25,48,17,23,0,1.1893128439480112,-1.5398782429584166,0.5689878367028652,-2.4459873353830655,-1.6530157828685539,-2.2733407901137
8418,62,37,45,43,39,1,2.252698445595645,-0.549141764949192,0.3092696649946504,-0.14497758783870113,-0.45333378229071936,-2.396762562891714
8722,57,31,51,41,42,1,1.8096211115757974,-1.0445100039538042,0.8287060084110801,-0.32197833764980605,-0.22839340718237539,-1.2093085103470926
8591,32,59,58,51,60,1,-0.4057655585234394,1.2672084447343865,1.434715075730248,0.5630254114057186,1.1212488434676884,2.961729477721376
8380,49,45,40,50,58,1,1.1006973771440416,0.11134922039029108,-0.12359395451904097,0.47452503650016614,0.9712885933954591,-0.25300273826762343
8835,40,26,31,36,43,0,0.3031581759083164,-1.4573168697909813,-0.9027484696436855,-0.7644802121775683,-0.15341328214626074,-1.3593199276982626
8011,42,45,44,46,54,1,0.48038910951625535,0.11134922039029108,0.22269694109191215,0.12052353687795629,0.6713680932510004,0.41367592482665727
8192,23,47,45,62,38,0,-1.2033047597591646,0.27647196672516183,0.3092696649946504,1.5365295353667958,-0.528313907326834,0.984260517426981
8558,27,46,24,64,25,0,-0.8488428925432867,0.19391059355772647,-1.5087575369628534,1.7135302851779006,-1.5030555327963246,-2.1629701772158914
8887,34,47,49,52,53,1,-0.22853462491550042,0.27647196672516183,0.6555605606056035,0.6515257863112711,0.5963879682148858,1.4804831537359897
8065,36,47,54,52,51,1,-0.051303691307561475,0.27647196672516183,1.0884241801192949,0.6515257863112711,0.4464277181426565,1.586155589569513
8609,37,22,33,38,35,0,0.037311775496408,-1.7875623624607229,-0.7296030218382089,-0.5874794623664634,-0.753254282435178,-1.520169079769795
8121,42,61,30,53,51,0,0.48038910951625535,1.4323311910692573,-0.9893211935464238,0.7400261612168235,0.4464277181426565,-1.0232825849200227
8521,19,57,46,52,57,1,-1.5577666269750425,1.1020856983995158,0.3958423888973887,0.6515257863112711,0.8963084683593444,2.8499174842317756
8303,39,46,47,50,50,1,0.21454270910434695,0.19391059355772647,0.482415112800127,0.47452503650016614,0.37144759310654185,0.6393199968023219
8764,44,46,43,39,52,1,0.6576200431241943,0.19391059355772647,0.1361242171891739,-0.49897908746091096,0.5214078431787712,-8.798275624921637e-05
8865,23,62,28,64,62,0,-1.2033047597591646,1.5148925642366926,-1.1624666413519003,1.7135302851779006,1.2712090935399176,1.312047211947182
8372,28,65,18,64,23,0,-0.7602274257393172,1.7625766837389987,-2.028193880379283,1.7135302851779006,-1.6530157828685539,-2.92098223750852
8684,33,55,43,55,65,1,-0.3171500917194699,0.936962952064645,0.1361242171891739,0.9170269110279285,1.4961494686482617,1.9494237775569054
8862,33,42,41,50,47,1,-0.3171500917194699,-0.13633489911201507,-0.037021230616302685,0.47452503650016614,0.14650721799819788,0.4266360791013651
8638,68,43,36,26,44,0,2.7843912464194616,-0.05377352594457969,-0.4698848501299941,-1.6494839612330932,-0.07843315711014609,-3.3327092536596017
8743,40,53,55,41,51,1,0.3031581759083164,0.7718402057297742,1.1749969040220332,-0.32197833764980605,0.4464277181426565,1.3182664462563733
8447,20,60,61,60,60,1,-1.469151160171073,1.3497698179018218,1.694433247438463,1.3595287855556908,1.1212488434676884,4.284833251077224
8543,32,24,42,24,28,0,-0.4057655585234394,-1.622439616125852,0.0495514932864356,-1.826484711044198,-1.2781151576879806,-0.8227981058781055
8076,67,34,25,68,52,0,2.695775779615492,-0.7968258844514982,-1.4221848130601151,2.0675317848001105,0.5214078431787712,-3.596552749496836
8753,27,55,60,51,57,1,-0.8488428925432867,0.936962952064645,1.6078605235357246,0.5630254114057186,0.8963084683593444,3.353011884438356
8489,56,20,23,21,24,0,1.721005644771828,-1.9526851087955934,-1.5953302608655917,-2.0919858357608554,-1.5780356578324393,-4.894371563469859
8261,44,42,42,45,47,1,0.6576200431241943,-0.13633489911201507,0.0495514932864356,0.03202316197240382,0.14650721799819788,-0.46156133183956083
8894,38,51,46,48,48,1,0.12592724230037747,0.6067174593949034,0.3958423888973887,0.2975242866890612,0.22148734303431253,0.4914024896313238
8847,22,53,55,46,62,1,-1.291920226563134,0.7718402057297742,1.1749969040220332,0.12052353687795629,1.2712090935399176,3.738126224125085
8281,32,67,31,27,39,0,-0.4057655585234394,1.9276994300738695,-0.9027484696436855,-1.5609835863275405,-0.45333378229071936,-0.9503166934109655
8729,41,41,18,66,30,0,0.3917736427122859,-0.21889627227945047,-2.028193880379283,1.8905310349890057,-1.1281549076157513,-3.5481224307073203
8221,24,64,59,51,56,1,-1.1146892929551953,1.6800153105715634,1.5212877996329863,0.5630254114057186,0.8213283433232298,3.4573054359114117
8427,51,56,50,48,44,1,1.2779283107519805,1.0195243252320803,0.7421332845083418,0.2975242866890612,-0.07843315711014609,-0.6142281833537848
8061,27,32,47,46,49,0,-0.8488428925432867,-0.9619486307863689,0.482415112800127,0.12052353687795629,0.2964674680704272,1.6277254734138409
8779,28,54,59,45,53,1,-0.7602274257393172,0.8544015788972096,1.5212877996329863,0.03202316197240382,0.5963879682148858,2.8779031935871893
8090,24,47,32,19,20,0,-1.1146892929551953,0.27647196672516183,-0.8161757457409472,-2.26898658557196,-1.8779561579768977,-1.5794426107626498
8504,36,43,49,46,48,1,-0.051303691307561475,-0.05377352594457969,0.6555605606056035,0.12052353687795629,0.22148734303431253,0.9283515949474775
