id,big_data_skills,maths_stats_skills,coding_skills,ai_and_ml_skills,dashboard_and_storytelling_skills,salary_hike_high_or_low,composite_skill_score
2809,3.6,4.0,4.5,4.8,5.0,1,4.38
2231,5.0,3.8,3.3,5.0,4.4,0,4.3
3522,4.1,3.8,4.4,4.2,5.0,1,4.3
3424,2.3,2.3,2.6,3.3,3.0,0,2.7
3757,5.0,3.8,2.6,4.9,2.9,0,3.84
2544,3.0,5.0,5.0,5.0,5.0,1,4.6
3482,3.8,4.4,3.4,3.0,4.8,0,3.88
3702,3.5,4.4,5.0,4.6,5.0,1,4.5
3312,5.0,3.1,5.0,4.8,3.2,0,4.22
3944,2.4,5.0,5.0,5.0,5.0,1,4.4799999999999995
2668,4.9,2.7,3.8,4.6,5.0,0,4.2
2386,3.8,5.0,4.6,4.7,5.0,1,4.62
2622,3.6,5.0,5.0,5.0,5.0,1,4.720000000000001
3398,4.5,5.0,5.0,5.0,5.0,1,4.9
3043,2.9,5.0,4.4,5.0,4.4,0,4.340000000000001
2292,3.7,4.8,4.6,5.0,3.3,0,4.28
3101,5.0,3.9,5.0,4.2,5.0,1,4.62
3861,3.1,5.0,5.0,5.0,5.0,1,4.62
2381,2.8,4.9,5.0,5.0,5.0,1,4.54
3176,2.9,5.0,3.9,5.0,2.3,0,3.8200000000000003
3060,3.8,5.0,3.2,4.6,2.5,0,3.8200000000000003
2518,2.9,2.5,3.2,5.0,3.9,0,3.5
3876,3.5,4.5,4.6,4.4,4.6,0,4.32
2511,4.3,5.0,5.0,5.0,5.0,1,4.86
2180,4.0,5.0,5.0,5.0,5.0,1,4.8
3819,2.4,3.4,3.1,4.3,2.5,0,3.1399999999999997
3788,4.4,4.0,4.1,4.9,2.9,0,4.06
3608,5.0,5.0,4.6,2.8,3.7,0,4.22
3291,4.8,4.5,5.0,4.8,5.0,1,4.82
2845,5.0,3.5,3.1,4.3,5.0,0,4.18
3400,3.1,3.8,4.1,4.9,3.8,0,3.94
2963,3.6,4.0,4.5,4.8,5.0,0,4.38
2627,5.0,3.8,3.3,5.0,4.4,0,4.3
3742,4.1,3.8,4.4,4.2,5.0,0,4.3
2651,4.4,3.0,3.3,4.6,2.3,0,3.5199999999999996
2931,2.3,2.3,2.6,3.3,3.0,0,2.7
2132,5.0,3.8,2.6,4.9,2.9,0,3.84
3287,3.0,5.0,5.0,5.0,5.0,0,4.6
2530,3.8,4.4,3.4,3.0,4.8,1,3.88
2812,3.5,4.4,5.0,4.6,5.0,1,4.5
3781,5.0,3.1,5.0,4.8,3.2,0,4.22
3160,2.4,5.0,5.0,5.0,5.0,0,4.4799999999999995
2189,4.9,2.7,3.8,4.6,5.0,0,4.2
2088,3.8,5.0,4.6,4.7,5.0,0,4.62
2261,3.6,5.0,5.0,5.0,5.0,1,4.720000000000001
3418,4.5,5.0,5.0,5.0,5.0,1,4.9
3530,2.9,5.0,4.4,5.0,4.4,1,4.340000000000001
2711,3.7,4.8,4.6,5.0,3.3,1,4.28
2355,5.0,3.9,5.0,4.2,5.0,1,4.62
3150,3.1,5.0,5.0,5.0,5.0,1,4.62
2171,2.8,4.9,5.0,5.0,5.0,1,4.54
3408,2.9,5.0,3.9,5.0,2.3,1,3.8200000000000003
3407,3.8,5.0,3.2,4.6,2.5,1,3.8200000000000003
2681,2.9,2.5,3.2,5.0,3.9,0,3.5
2136,3.5,4.5,4.6,4.4,4.6,1,4.32
2053,4.3,5.0,5.0,5.0,5.0,1,4.86
2529,4.0,5.0,5.0,5.0,5.0,0,4.8
3807,4.2,5.0,5.0,4.5,5.0,1,4.74
4000,3.1,5.0,4.9,4.6,5.0,1,4.5200000000000005
2620,2.6,5.0,5.0,3.0,5.0,0,4.12
2962,2.3,4.6,4.3,3.8,5.0,0,4.0
2212,3.5,2.4,4.6,5.0,2.9,0,3.6799999999999997
3326,4.8,5.0,4.4,2.9,3.5,0,4.12
3768,3.1,4.1,5.0,5.0,5.0,0,4.4399999999999995
2635,3.3,5.0,5.0,5.0,5.0,1,4.66
3695,4.0,4.6,5.0,4.7,5.0,1,4.66
2275,3.0,5.0,5.0,5.0,5.0,1,4.6
3504,4.8,4.9,4.9,4.8,4.2,1,4.72
2536,4.5,4.1,5.0,5.0,5.0,1,4.720000000000001
2906,3.3,5.0,4.8,5.0,5.0,1,4.62
2759,5.0,4.2,4.4,4.7,5.0,1,4.66
2045,4.1,5.0,5.0,5.0,5.0,1,4.82
2161,4.6,3.9,5.0,4.6,5.0,1,4.62
3032,4.6,5.0,4.5,5.0,5.0,1,4.82
3679,3.1,5.0,5.0,5.0,5.0,1,4.62
3106,3.0,3.5,2.9,5.0,5.0,0,3.88
3281,3.2,5.0,5.0,5.0,5.0,1,4.64
2094,3.4,4.4,3.3,5.0,4.4,0,4.1
2276,3.9,2.7,2.2,5.0,5.0,0,3.7600000000000002
2966,4.3,5.0,4.7,5.0,5.0,1,4.8
3773,5.0,5.0,5.0,4.8,5.0,1,4.96
3855,5.0,3.5,2.9,3.5,3.1,0,3.6
2405,3.7,4.5,3.9,3.5,5.0,0,4.12
2925,2.8,2.2,2.3,3.6,2.7,0,2.72
2981,4.7,4.5,3.0,5.0,5.0,1,4.4399999999999995
2991,2.9,3.9,2.9,5.0,4.8,0,3.9
2667,5.0,4.8,5.0,3.0,3.0,0,4.16
3841,4.1,4.9,4.8,5.0,5.0,1,4.76
2310,3.8,5.0,5.0,4.8,5.0,1,4.720000000000001
2725,2.5,5.0,3.2,5.0,2.7,0,3.6799999999999997
2630,5.0,5.0,5.0,4.9,5.0,1,4.9799999999999995
2487,3.7,5.0,5.0,5.0,5.0,1,4.74
2577,4.9,5.0,5.0,5.0,5.0,1,4.9799999999999995
3476,2.5,4.3,5.0,3.1,3.0,0,3.5799999999999996
3440,4.1,5.0,5.0,4.9,5.0,1,4.8
3618,3.5,5.0,4.4,4.8,5.0,1,4.54
3818,3.1,5.0,3.3,5.0,5.0,1,4.279999999999999
2941,4.4,2.7,5.0,3.1,5.0,0,4.040000000000001
2035,3.0,3.2,5.0,4.0,4.1,0,3.8599999999999994
2223,3.3,3.8,5.0,3.4,2.5,0,3.6
3910,4.9,4.6,2.3,5.0,4.9,1,4.340000000000001
3357,4.5,2.6,2.5,2.2,3.3,0,3.0200000000000005
2164,2.7,4.4,3.9,5.0,2.3,0,3.66
3464,5.0,2.9,4.6,3.6,2.7,0,3.7600000000000002
3341,3.3,5.0,5.0,5.0,5.0,1,4.66
3034,2.7,2.9,5.0,3.9,5.0,0,3.9
2946,2.8,5.0,2.5,5.0,3.3,0,3.72
2304,5.0,4.6,2.9,5.0,4.2,1,4.34
3759,3.8,5.0,3.7,4.5,5.0,1,4.4
3385,3.5,5.0,5.0,5.0,5.0,1,4.7
2615,5.0,5.0,5.0,3.4,2.6,0,4.2
2361,4.2,3.8,3.8,5.0,5.0,1,4.36
3405,5.0,4.4,5.0,5.0,5.0,0,4.88
2704,4.6,3.4,4.4,5.0,2.9,0,4.06
3872,3.5,5.0,5.0,5.0,5.0,1,4.7
2168,3.9,4.0,2.3,4.8,5.0,1,4.0
3923,4.3,2.3,3.0,3.5,5.0,0,3.62
3065,2.5,4.9,2.9,3.0,2.9,0,3.2399999999999998
2127,5.0,4.5,5.0,4.3,5.0,1,4.76
2032,2.9,5.0,4.8,5.0,5.0,1,4.54
2324,3.6,5.0,5.0,5.0,5.0,1,4.720000000000001
3330,5.0,2.9,3.2,2.3,2.6,0,3.2000000000000006
2155,5.0,4.2,5.0,4.5,4.5,1,4.64
2007,5.0,3.6,5.0,4.7,4.6,1,4.58
2354,3.4,5.0,5.0,5.0,5.0,1,4.68
3265,5.0,4.7,5.0,5.0,5.0,1,4.9399999999999995
3546,4.4,2.8,5.0,3.9,4.6,0,4.139999999999999
3774,4.4,5.0,4.4,5.0,5.0,1,4.76
3771,2.6,5.0,3.3,5.0,4.1,0,4.0
3381,3.0,4.9,5.0,5.0,3.1,0,4.2
2084,3.6,5.0,5.0,5.0,5.0,1,4.720000000000001
3980,4.0,4.9,5.0,5.0,5.0,1,4.779999999999999
2420,4.1,2.8,2.3,4.4,3.9,0,3.5
3164,4.8,5.0,2.5,5.0,5.0,0,4.46
2010,3.6,4.0,3.9,4.8,5.0,1,4.26
2097,5.0,3.8,4.6,5.0,4.4,1,4.56
3497,4.1,3.8,5.0,4.2,5.0,1,4.42
